id,forager_id,item_id,kg
bd3ceb0f-9ca4-4fb1-9454-5e1bb16fc64c,5d73c326-1744-4843-87ef-4c1e35b2170a,10,2.5759825524309927
88f46ebe-2d56-49c5-839e-71757038307c,85705f4d-2276-4258-9f73-1b2815d61c16,29,0.628842949375975
